Ticket_ID,Sucursal,Bebida,Precio,Puntaje_Satisfaccion,Tiempo_Espera_Min
TIC-1000,Querétaro,Té Matcha,53.88,8,9.6
TIC-1001,Mérida,Espresso,43.24,7,10.1
TIC-1002,Monterrey,Americano,38.46,8,7.9
TIC-1003,Mérida,Latte,58.87,3,7.4
TIC-1004,Querétaro,Capuchino,60.04,8,22.2
TIC-1005,Mérida,Americano,37.29,5,6.8
TIC-1006,Monterrey,Espresso,35.75,4,20.5
TIC-1007,Monterrey,Frappé,71.27,6,6.1
TIC-1008,Querétaro,Té Matcha,59.49,9,6.6
TIC-1009,Puebla,Té Matcha,65.1,8,11.4
TIC-1010,Monterrey,Latte,57.42,5,19.7
TIC-1011,Monterrey,Frappé,74.55,8,6.2
TIC-1012,Mérida,Té Matcha,64.99,9,16.9
TIC-1013,Puebla,Frappé,78.35,8,11.5
TIC-1014,CDMX,Latte,61.98,2,12.2
TIC-1015,Puebla,Americano,44.51,7,15.4
TIC-1016,CDMX,Capuchino,63.42,8,7.3
TIC-1017,Guadalajara,Americano,44.73,6,5.5
TIC-1018,Mérida,Espresso,28.94,4,7.4
TIC-1019,Monterrey,Americano,42.88,7,14.9
TIC-1020,Puebla,Espresso,30.41,7,12.4
TIC-1021,Puebla,Frappé,87.83,5,14.3
TIC-1022,Puebla,Té Matcha,72.43,9,7.2
TIC-1023,CDMX,Americano,48.86,9,10.6
TIC-1024,Puebla,Capuchino,61.26,2,9.9
TIC-1025,Mérida,Espresso,37.08,3,9.2
TIC-1026,CDMX,Americano,35.17,1,5.6
TIC-1027,Puebla,Té Matcha,62.74,5,9.6
TIC-1028,Monterrey,Latte,50.57,4,11.4
TIC-1029,Querétaro,Americano,40.27,6,3.2
TIC-1030,Monterrey,Capuchino,65.33,1,12.8
TIC-1031,Mérida,Espresso,33.71,9,9.5
TIC-1032,CDMX,Capuchino,56.07,5,15.9
TIC-1033,Querétaro,Americano,40.71,10,12.1
TIC-1034,Monterrey,Espresso,43.85,5,5.0
TIC-1035,CDMX,Latte,53.31,7,12.9
TIC-1036,Puebla,Capuchino,56.8,4,7.3
TIC-1037,CDMX,Latte,59.39,8,6.0
TIC-1038,Guadalajara,Té Matcha,59.44,2,7.6
TIC-1039,Monterrey,Capuchino,53.01,9,12.1
TIC-1040,Mérida,Americano,41.1,9,6.8
TIC-1041,Querétaro,Latte,54.13,10,9.3
TIC-1042,Querétaro,Espresso,24.11,7,9.6
TIC-1043,CDMX,Capuchino,54.69,9,4.9
TIC-1044,Guadalajara,Americano,32.79,3,13.6
TIC-1045,Guadalajara,Latte,58.4,3,9.0
TIC-1046,Querétaro,Capuchino,70.51,1,9.2
TIC-1047,Monterrey,Espresso,36.23,3,9.8
TIC-1048,Puebla,Capuchino,58.74,7,3.7
TIC-1049,Puebla,Capuchino,51.4,10,7.6
TIC-1050,Querétaro,Capuchino,62.73,2,8.7
TIC-1051,Puebla,Frappé,72.65,9,9.5
TIC-1052,Guadalajara,Frappé,78.04,2,9.5
TIC-1053,CDMX,Té Matcha,60.14,9,8.7
TIC-1054,Monterrey,Espresso,26.4,3,8.6
TIC-1055,Puebla,Americano,49.14,6,12.1
TIC-1056,Monterrey,Capuchino,49.93,1,10.7
TIC-1057,Querétaro,Espresso,31.55,3,11.4
TIC-1058,Guadalajara,Té Matcha,64.8,6,5.0
TIC-1059,Guadalajara,Té Matcha,72.86,5,10.8
TIC-1060,Mérida,Americano,33.38,8,12.4
TIC-1061,Mérida,Capuchino,56.87,8,12.8
TIC-1062,Monterrey,Capuchino,61.51,1,7.2
TIC-1063,Puebla,Frappé,83.3,10,7.5
TIC-1064,Guadalajara,Latte,59.72,9,7.4
TIC-1065,Guadalajara,Té Matcha,68.24,10,5.2
TIC-1066,Monterrey,Espresso,32.97,6,2.5
TIC-1067,CDMX,Té Matcha,64.94,5,8.8
TIC-1068,Monterrey,Espresso,33.94,3,5.5
TIC-1069,Mérida,Capuchino,55.36,10,11.2
TIC-1070,Monterrey,Americano,40.47,2,4.8
TIC-1071,Querétaro,Capuchino,52.66,5,5.5
TIC-1072,Guadalajara,Americano,40.36,7,9.4
TIC-1073,Guadalajara,Capuchino,64.24,3,12.7
TIC-1074,Mérida,Frappé,69.6,8,13.1
TIC-1075,Querétaro,Té Matcha,69.25,10,7.5
TIC-1076,Puebla,Frappé,69.1,5,15.6
TIC-1077,Querétaro,Frappé,78.83,7,8.9
TIC-1078,Monterrey,Espresso,32.94,2,10.0
TIC-1079,Mérida,Latte,59.69,3,13.6
TIC-1080,Monterrey,Capuchino,66.37,7,8.9
TIC-1081,Puebla,Té Matcha,73.54,1,10.5
TIC-1082,Mérida,Espresso,26.53,10,8.4
TIC-1083,CDMX,Capuchino,63.88,3,8.5
TIC-1084,Guadalajara,Americano,38.19,6,1.3
TIC-1085,Mérida,Espresso,38.34,2,6.5
TIC-1086,CDMX,Latte,58.09,6,5.9
TIC-1087,CDMX,Capuchino,58.07,7,12.0
TIC-1088,CDMX,Capuchino,60.65,10,8.8
TIC-1089,Monterrey,Latte,49.69,9,14.7
TIC-1090,Querétaro,Latte,51.48,6,12.2
TIC-1091,Guadalajara,Espresso,31.37,6,12.1
TIC-1092,Monterrey,Americano,37.71,5,11.8
TIC-1093,Querétaro,Frappé,77.14,2,7.2
TIC-1094,Puebla,Capuchino,58.69,6,12.9
TIC-1095,Puebla,Americano,35.96,9,7.0
TIC-1096,Monterrey,Frappé,76.31,7,13.2
TIC-1097,Guadalajara,Americano,40.61,5,11.3
TIC-1098,Mérida,Latte,53.13,3,14.2
TIC-1099,CDMX,Americano,46.73,7,9.7
TIC-1100,Querétaro,Americano,47.46,4,7.3
TIC-1101,Monterrey,Frappé,75.36,9,15.6
TIC-1102,Monterrey,Latte,59.05,6,12.3
TIC-1103,Puebla,Capuchino,60.36,8,7.2
TIC-1104,CDMX,Espresso,31.16,2,17.8
TIC-1105,Monterrey,Americano,47.08,7,7.1
TIC-1106,Monterrey,Espresso,36.88,10,12.7
TIC-1107,Mérida,Americano,34.25,10,8.2
TIC-1108,Monterrey,Frappé,71.89,10,10.9
TIC-1109,Puebla,Latte,61.64,6,15.1
TIC-1110,Puebla,Espresso,39.73,10,11.3
TIC-1111,Mérida,Espresso,40.04,5,10.8
TIC-1112,CDMX,Capuchino,56.4,5,10.8
TIC-1113,Guadalajara,Espresso,35.02,4,3.0
TIC-1114,Guadalajara,Capuchino,55.43,4,7.0
TIC-1115,Puebla,Latte,54.31,5,16.7
TIC-1116,Puebla,Latte,52.6,8,4.4
TIC-1117,Guadalajara,Frappé,73.43,4,6.0
TIC-1118,Guadalajara,Latte,56.88,8,14.3
TIC-1119,Mérida,Capuchino,56.64,8,16.7
TIC-1120,Querétaro,Frappé,72.68,9,6.2
TIC-1121,CDMX,Té Matcha,60.56,10,12.9
TIC-1122,CDMX,Espresso,31.63,4,18.9
TIC-1123,Puebla,Té Matcha,75.66,8,7.5
TIC-1124,Monterrey,Latte,52.4,1,3.8
TIC-1125,Monterrey,Té Matcha,59.22,6,7.7
TIC-1126,Guadalajara,Espresso,25.04,4,2.3
TIC-1127,Puebla,Latte,51.49,9,6.6
TIC-1128,Puebla,Té Matcha,63.88,7,7.8
TIC-1129,Querétaro,Capuchino,55.43,5,5.9
TIC-1130,CDMX,Latte,54.66,1,11.2
TIC-1131,Guadalajara,Latte,58.03,1,19.2
TIC-1132,Guadalajara,Frappé,75.2,5,27.0
TIC-1133,Puebla,Americano,38.82,6,8.7
TIC-1134,Mérida,Frappé,70.2,7,8.7
TIC-1135,Mérida,Espresso,40.25,7,6.9
TIC-1136,Monterrey,Espresso,31.3,7,11.0
TIC-1137,Puebla,Latte,51.05,6,8.5
TIC-1138,Puebla,Capuchino,58.65,6,10.9
TIC-1139,Guadalajara,Latte,60.63,3,16.4
TIC-1140,Querétaro,Americano,41.93,5,9.2
TIC-1141,Puebla,Espresso,30.84,1,10.7
TIC-1142,Puebla,Espresso,28.58,7,24.2
TIC-1143,Guadalajara,Té Matcha,71.22,3,7.4
TIC-1144,Mérida,Frappé,67.02,8,9.3
TIC-1145,Mérida,Té Matcha,67.01,4,15.0
TIC-1146,Guadalajara,Frappé,73.43,4,13.3
TIC-1147,Monterrey,Capuchino,66.88,6,18.7
TIC-1148,Querétaro,Americano,39.64,5,8.4
TIC-1149,Monterrey,Latte,52.94,7,14.8
TIC-1150,Querétaro,Té Matcha,62.81,10,11.7
TIC-1151,Puebla,Americano,48.54,4,10.9
TIC-1152,CDMX,Té Matcha,66.51,9,6.0
TIC-1153,Mérida,Americano,36.23,1,13.0
TIC-1154,Monterrey,Frappé,60.3,2,14.6
TIC-1155,Guadalajara,Latte,65.12,9,14.5
TIC-1156,Guadalajara,Capuchino,61.88,1,6.4
TIC-1157,Guadalajara,Capuchino,62.32,6,18.9
TIC-1158,Querétaro,Latte,45.87,5,9.0
TIC-1159,Guadalajara,Capuchino,58.16,1,12.0
TIC-1160,CDMX,Espresso,28.33,9,8.1
TIC-1161,Puebla,Frappé,74.99,10,15.2
TIC-1162,Puebla,Latte,49.17,5,12.9
TIC-1163,Mérida,Americano,30.87,3,11.4
TIC-1164,Puebla,Americano,41.07,5,11.8
TIC-1165,Mérida,Espresso,31.87,9,18.0
TIC-1166,Monterrey,Té Matcha,65.33,3,10.9
TIC-1167,CDMX,Latte,57.7,3,5.8
TIC-1168,Querétaro,Frappé,71.08,7,9.3
TIC-1169,Puebla,Latte,54.82,2,6.6
TIC-1170,Puebla,Espresso,33.89,5,6.9
TIC-1171,Puebla,Espresso,45.39,4,3.8
TIC-1172,Mérida,Té Matcha,64.43,4,10.8
TIC-1173,Guadalajara,Frappé,78.47,7,7.1
TIC-1174,Puebla,Latte,67.1,10,6.6
TIC-1175,CDMX,Frappé,73.12,3,7.5
TIC-1176,Puebla,Té Matcha,64.33,8,8.0
TIC-1177,Puebla,Capuchino,60.29,9,13.2
TIC-1178,Querétaro,Frappé,76.25,2,9.5
TIC-1179,Guadalajara,Americano,45.87,1,4.7
TIC-1180,Guadalajara,Latte,56.37,9,8.2
TIC-1181,Mérida,Capuchino,56.76,6,5.4
TIC-1182,Mérida,Té Matcha,65.52,2,11.5
TIC-1183,CDMX,Americano,34.83,4,6.9
TIC-1184,Monterrey,Té Matcha,62.18,3,7.2
TIC-1185,Monterrey,Espresso,29.65,9,10.4
TIC-1186,Monterrey,Latte,54.52,9,10.7
TIC-1187,Querétaro,Frappé,79.15,4,14.3
TIC-1188,Mérida,Capuchino,63.01,8,7.6
TIC-1189,Monterrey,Frappé,69.67,2,6.1
TIC-1190,Puebla,Latte,58.89,8,12.0
TIC-1191,Mérida,Americano,38.76,8,20.2
TIC-1192,Mérida,Té Matcha,62.58,2,27.8
TIC-1193,Mérida,Té Matcha,66.45,3,6.8
TIC-1194,CDMX,Americano,48.59,1,4.7
TIC-1195,Querétaro,Americano,38.64,1,7.7
TIC-1196,Monterrey,Capuchino,61.74,3,6.5
TIC-1197,Puebla,Frappé,78.84,7,14.3
TIC-1198,Monterrey,Té Matcha,77.45,7,7.1
TIC-1199,Puebla,Té Matcha,62.91,7,12.2
TIC-1200,Monterrey,Espresso,36.46,2,3.2
TIC-1201,Mérida,Espresso,34.39,6,13.2
TIC-1202,Monterrey,Latte,61.38,1,10.2
TIC-1203,Mérida,Té Matcha,67.09,8,9.5
TIC-1204,Guadalajara,Espresso,29.88,3,17.8
TIC-1205,CDMX,Americano,40.74,3,8.2
TIC-1206,Puebla,Frappé,72.36,1,5.7
TIC-1207,CDMX,Té Matcha,62.21,8,7.7
TIC-1208,Guadalajara,Latte,55.94,3,9.3
TIC-1209,Puebla,Americano,40.36,7,13.4
TIC-1210,Monterrey,Capuchino,48.0,4,7.6
TIC-1211,Mérida,Té Matcha,56.28,2,15.2
TIC-1212,Monterrey,Americano,39.39,7,17.1
TIC-1213,Puebla,Té Matcha,63.79,5,14.7
TIC-1214,CDMX,Té Matcha,71.01,7,3.7
TIC-1215,Guadalajara,Espresso,33.34,7,5.0
TIC-1216,Querétaro,Capuchino,59.18,7,8.0
TIC-1217,CDMX,Americano,37.02,2,24.7
TIC-1218,Querétaro,Latte,51.33,7,11.2
TIC-1219,Mérida,Americano,44.85,8,19.9
TIC-1220,Puebla,Té Matcha,65.14,10,12.6
TIC-1221,Monterrey,Americano,48.19,3,12.8
TIC-1222,Querétaro,Americano,41.45,7,9.2
TIC-1223,Guadalajara,Espresso,30.44,2,23.3
TIC-1224,Guadalajara,Té Matcha,62.92,9,13.7
TIC-1225,Puebla,Capuchino,54.45,10,16.2
TIC-1226,Guadalajara,Frappé,78.15,7,5.7
TIC-1227,Guadalajara,Latte,50.38,9,5.8
TIC-1228,Puebla,Espresso,39.84,5,6.4
TIC-1229,Mérida,Americano,38.5,1,9.8
TIC-1230,CDMX,Té Matcha,59.39,5,17.3
TIC-1231,Monterrey,Espresso,37.59,4,9.3
TIC-1232,Monterrey,Frappé,77.91,5,11.1
TIC-1233,Querétaro,Capuchino,60.96,1,5.6
TIC-1234,CDMX,Capuchino,53.88,7,15.8
TIC-1235,CDMX,Espresso,43.52,10,5.8
TIC-1236,Puebla,Espresso,35.44,1,18.6
TIC-1237,Puebla,Té Matcha,64.52,7,12.8
TIC-1238,Guadalajara,Latte,45.48,1,6.3
TIC-1239,Querétaro,Frappé,72.5,6,7.6
TIC-1240,Guadalajara,Latte,55.1,6,3.3
TIC-1241,CDMX,Latte,52.88,9,8.9
TIC-1242,Mérida,Frappé,83.71,3,19.5
TIC-1243,Monterrey,Té Matcha,65.88,5,10.9
TIC-1244,Mérida,Capuchino,65.55,9,6.3
TIC-1245,Monterrey,Latte,56.99,5,8.1
TIC-1246,Puebla,Frappé,74.05,7,6.9
TIC-1247,Guadalajara,Frappé,72.01,2,5.1
TIC-1248,Puebla,Frappé,77.51,9,12.1
TIC-1249,Monterrey,Latte,55.32,2,11.9
TIC-1250,Mérida,Espresso,33.79,2,8.5
TIC-1251,Monterrey,Capuchino,46.34,10,6.8
TIC-1252,Guadalajara,Espresso,37.79,8,11.9
TIC-1253,Mérida,Té Matcha,55.36,10,14.3
TIC-1254,Monterrey,Frappé,73.29,6,9.7
TIC-1255,Puebla,Latte,48.7,4,11.5
TIC-1256,Mérida,Espresso,29.08,10,6.2
TIC-1257,Querétaro,Espresso,34.61,9,8.1
TIC-1258,Mérida,Capuchino,64.14,7,11.7
TIC-1259,Guadalajara,Capuchino,54.62,9,19.0
TIC-1260,Querétaro,Latte,51.82,3,18.1
TIC-1261,Mérida,Americano,39.17,10,9.4
TIC-1262,Querétaro,Capuchino,66.02,5,10.8
TIC-1263,Guadalajara,Té Matcha,65.24,10,15.9
TIC-1264,Querétaro,Americano,38.33,7,18.4
TIC-1265,Puebla,Americano,49.7,7,16.1
TIC-1266,CDMX,Capuchino,60.94,6,9.7
TIC-1267,Mérida,Frappé,70.56,4,8.0
TIC-1268,Puebla,Frappé,77.03,5,6.0
TIC-1269,Puebla,Capuchino,57.69,7,16.0
TIC-1270,Querétaro,Capuchino,59.42,10,5.4
TIC-1271,Querétaro,Capuchino,59.88,4,12.0
TIC-1272,CDMX,Americano,36.94,2,8.4
TIC-1273,CDMX,Frappé,74.66,10,4.4
TIC-1274,Monterrey,Americano,48.5,4,6.7
TIC-1275,Monterrey,Latte,52.39,3,9.0
TIC-1276,Guadalajara,Té Matcha,61.05,2,5.8
TIC-1277,Monterrey,Frappé,69.25,7,7.3
TIC-1278,Mérida,Espresso,34.65,6,17.6
TIC-1279,Guadalajara,Té Matcha,71.69,3,6.2
TIC-1280,Monterrey,Frappé,72.47,1,2.3
TIC-1281,Guadalajara,Espresso,35.96,2,7.2
TIC-1282,Puebla,Americano,39.82,7,6.7
TIC-1283,Puebla,Frappé,74.18,8,6.9
TIC-1284,Monterrey,Frappé,74.04,4,4.1
TIC-1285,Puebla,Frappé,71.69,10,11.4
TIC-1286,Monterrey,Latte,48.32,8,3.7
TIC-1287,Guadalajara,Frappé,72.22,7,6.1
TIC-1288,Monterrey,Espresso,35.69,1,17.6
TIC-1289,CDMX,Capuchino,58.96,8,18.7
TIC-1290,Puebla,Americano,42.69,3,11.8
TIC-1291,Mérida,Espresso,31.9,3,12.0
TIC-1292,Mérida,Té Matcha,65.19,9,18.6
TIC-1293,Monterrey,Espresso,22.33,8,7.1
TIC-1294,Mérida,Latte,50.99,9,11.4
TIC-1295,Guadalajara,Latte,49.78,3,24.6
TIC-1296,Mérida,Frappé,75.69,3,14.9
TIC-1297,Puebla,Frappé,69.47,7,16.2
TIC-1298,Monterrey,Espresso,36.74,3,1.3
TIC-1299,CDMX,Latte,46.15,10,9.8
TIC-1300,CDMX,Frappé,76.93,8,7.9
TIC-1301,Mérida,Latte,56.38,2,11.6
TIC-1302,Guadalajara,Latte,53.84,8,14.8
TIC-1303,Monterrey,Latte,59.29,6,5.7
TIC-1304,Puebla,Capuchino,64.36,5,4.7
TIC-1305,Puebla,Espresso,30.69,6,9.0
TIC-1306,Monterrey,Frappé,69.75,2,18.6
TIC-1307,Querétaro,Capuchino,60.23,3,8.5
TIC-1308,Guadalajara,Té Matcha,72.17,7,3.3
TIC-1309,Querétaro,Espresso,34.1,2,4.8
TIC-1310,Monterrey,Americano,39.36,7,21.0
TIC-1311,CDMX,Americano,37.11,3,9.5
TIC-1312,CDMX,Latte,52.21,8,7.2
TIC-1313,Monterrey,Espresso,37.12,4,8.7
TIC-1314,Puebla,Americano,43.94,5,6.7
TIC-1315,Monterrey,Americano,32.35,7,5.7
TIC-1316,Guadalajara,Espresso,34.73,4,12.2
TIC-1317,Monterrey,Espresso,35.07,4,6.7
TIC-1318,Querétaro,Espresso,33.11,8,5.9
TIC-1319,Puebla,Capuchino,58.79,3,19.0
TIC-1320,Guadalajara,Té Matcha,65.85,8,5.6
TIC-1321,Guadalajara,Espresso,38.49,2,4.8
TIC-1322,CDMX,Latte,59.29,1,18.0
TIC-1323,Guadalajara,Té Matcha,69.75,4,4.6
TIC-1324,Puebla,Capuchino,59.87,1,8.2
TIC-1325,Monterrey,Americano,43.04,4,10.3
TIC-1326,Guadalajara,Latte,53.84,3,4.7
TIC-1327,Puebla,Té Matcha,64.58,10,8.3
TIC-1328,Puebla,Espresso,45.63,6,11.8
TIC-1329,Guadalajara,Latte,53.49,10,11.1
TIC-1330,Querétaro,Latte,57.41,5,4.9
TIC-1331,Monterrey,Espresso,41.47,1,11.7
TIC-1332,Querétaro,Té Matcha,69.7,7,10.0
TIC-1333,Mérida,Espresso,32.24,10,4.6
TIC-1334,Querétaro,Frappé,74.69,10,9.9
TIC-1335,Puebla,Americano,41.57,9,7.7
TIC-1336,Monterrey,Té Matcha,63.93,9,12.3
TIC-1337,Querétaro,Latte,57.03,10,11.9
TIC-1338,Mérida,Americano,48.81,4,16.9
TIC-1339,CDMX,Americano,39.86,6,11.3
TIC-1340,Querétaro,Frappé,82.87,8,4.9
TIC-1341,Puebla,Capuchino,61.0,8,9.6
TIC-1342,Mérida,Espresso,31.34,4,8.1
TIC-1343,Guadalajara,Espresso,31.88,2,7.3
TIC-1344,Querétaro,Espresso,43.51,6,6.0
TIC-1345,CDMX,Latte,64.83,10,8.4
TIC-1346,Querétaro,Latte,55.71,2,19.3
TIC-1347,Querétaro,Americano,41.88,10,13.1
TIC-1348,Querétaro,Espresso,39.1,7,5.2
TIC-1349,Monterrey,Latte,46.72,6,6.8
TIC-1350,Querétaro,Frappé,75.3,6,7.5
TIC-1351,Monterrey,Té Matcha,67.84,1,19.1
TIC-1352,Mérida,Latte,59.13,1,9.1
TIC-1353,Querétaro,Americano,47.32,8,10.4
TIC-1354,Guadalajara,Espresso,38.58,1,8.5
TIC-1355,Puebla,Latte,62.64,7,10.5
TIC-1356,Puebla,Americano,37.96,5,13.1
TIC-1357,Querétaro,Americano,31.33,5,11.4
TIC-1358,Guadalajara,Frappé,84.31,8,11.5
TIC-1359,Mérida,Americano,37.06,3,5.4
TIC-1360,Puebla,Latte,52.72,4,12.7
TIC-1361,Querétaro,Americano,48.12,8,11.1
TIC-1362,Monterrey,Espresso,39.3,7,4.2
TIC-1363,Guadalajara,Frappé,80.22,2,9.5
TIC-1364,Mérida,Frappé,81.66,5,10.6
TIC-1365,CDMX,Frappé,80.11,5,19.3
TIC-1366,Puebla,Frappé,77.55,6,15.9
TIC-1367,Guadalajara,Espresso,30.59,7,13.7
TIC-1368,Querétaro,Frappé,71.89,8,4.1
TIC-1369,Puebla,Frappé,83.02,4,11.8
TIC-1370,Guadalajara,Frappé,68.53,4,15.6
TIC-1371,Mérida,Latte,50.54,2,9.9
TIC-1372,Guadalajara,Espresso,33.11,10,15.0
TIC-1373,Mérida,Capuchino,62.45,10,12.1
TIC-1374,CDMX,Capuchino,56.44,3,13.3
TIC-1375,Puebla,Capuchino,52.09,10,9.2
TIC-1376,Puebla,Té Matcha,60.02,8,8.9
TIC-1377,Monterrey,Latte,58.73,2,19.6
TIC-1378,Puebla,Americano,37.53,10,14.6
TIC-1379,Mérida,Americano,43.46,6,12.5
TIC-1380,Monterrey,Americano,38.46,10,14.1
TIC-1381,Mérida,Té Matcha,65.53,9,5.2
TIC-1382,Mérida,Latte,43.33,3,11.4
TIC-1383,Monterrey,Frappé,76.48,3,8.7
TIC-1384,Mérida,Capuchino,58.6,4,18.3
TIC-1385,Puebla,Latte,59.07,8,9.7
TIC-1386,Querétaro,Espresso,35.44,9,17.5
TIC-1387,Monterrey,Espresso,35.35,4,10.3
TIC-1388,Mérida,Capuchino,51.32,7,11.0
TIC-1389,CDMX,Americano,38.9,4,4.0
TIC-1390,Puebla,Espresso,37.74,2,16.8
TIC-1391,Querétaro,Americano,37.83,10,5.8
TIC-1392,CDMX,Té Matcha,62.95,1,5.2
TIC-1393,Guadalajara,Espresso,39.3,9,11.0
TIC-1394,CDMX,Americano,33.58,3,14.4
TIC-1395,Guadalajara,Té Matcha,58.7,7,6.6
TIC-1396,Monterrey,Latte,57.08,7,19.2
TIC-1397,Puebla,Té Matcha,64.04,7,8.4
TIC-1398,Puebla,Capuchino,56.0,2,7.8
TIC-1399,Guadalajara,Frappé,75.07,2,6.2
TIC-1400,CDMX,Americano,38.52,3,12.3
TIC-1401,CDMX,Capuchino,57.04,9,6.2
TIC-1402,CDMX,Espresso,33.51,7,15.1
TIC-1403,Querétaro,Té Matcha,60.43,8,12.5
TIC-1404,Guadalajara,Té Matcha,59.06,9,11.8
TIC-1405,Puebla,Americano,32.07,1,10.5
TIC-1406,Puebla,Americano,43.38,6,5.9
TIC-1407,Guadalajara,Té Matcha,61.38,8,7.5
TIC-1408,Guadalajara,Capuchino,55.79,8,4.2
TIC-1409,Mérida,Latte,58.15,9,8.9
TIC-1410,Mérida,Té Matcha,56.13,5,12.4
TIC-1411,Querétaro,Espresso,31.19,2,13.9
TIC-1412,Puebla,Frappé,86.3,2,15.2
TIC-1413,Monterrey,Espresso,35.58,8,8.7
TIC-1414,Mérida,Té Matcha,65.47,6,6.0
TIC-1415,Monterrey,Frappé,76.27,4,13.8
TIC-1416,Monterrey,Capuchino,60.39,4,7.9
TIC-1417,CDMX,Té Matcha,67.64,3,5.0
TIC-1418,Mérida,Latte,48.01,5,12.8
TIC-1419,Guadalajara,Té Matcha,71.37,4,12.1
TIC-1420,Guadalajara,Espresso,37.65,10,7.4
TIC-1421,Monterrey,Capuchino,58.72,8,8.1
TIC-1422,CDMX,Americano,40.36,7,13.1
TIC-1423,Puebla,Espresso,41.96,5,11.7
TIC-1424,Mérida,Té Matcha,65.37,6,12.7
TIC-1425,CDMX,Latte,59.57,2,9.8
TIC-1426,CDMX,Espresso,38.95,6,7.9
TIC-1427,Querétaro,Americano,47.4,3,13.3
TIC-1428,Puebla,Capuchino,59.76,4,11.1
TIC-1429,Guadalajara,Espresso,34.23,1,13.1
TIC-1430,Puebla,Frappé,65.69,5,4.5
TIC-1431,Puebla,Frappé,71.27,10,5.8
TIC-1432,CDMX,Té Matcha,56.98,5,18.5
TIC-1433,Puebla,Capuchino,66.9,10,12.2
TIC-1434,Puebla,Capuchino,61.87,10,21.3
TIC-1435,Querétaro,Capuchino,59.53,9,7.3
TIC-1436,Puebla,Espresso,43.42,6,5.3
TIC-1437,Guadalajara,Latte,50.91,1,8.9
TIC-1438,Puebla,Espresso,34.73,7,4.8
TIC-1439,Querétaro,Latte,46.45,3,8.0
TIC-1440,Querétaro,Frappé,70.36,10,9.1
TIC-1441,Mérida,Capuchino,51.67,8,13.3
TIC-1442,Querétaro,Latte,54.49,8,11.9
TIC-1443,Puebla,Latte,59.92,1,11.2
TIC-1444,CDMX,Americano,36.23,9,5.3
TIC-1445,Puebla,Espresso,41.24,6,13.1
TIC-1446,Monterrey,Latte,55.21,2,10.4
TIC-1447,Mérida,Capuchino,60.71,1,2.4
TIC-1448,Monterrey,Frappé,75.17,10,11.3
TIC-1449,CDMX,Té Matcha,72.35,4,3.3
TIC-1450,Guadalajara,Capuchino,55.57,1,8.4
TIC-1451,Mérida,Frappé,79.97,6,12.8
TIC-1452,CDMX,Té Matcha,60.26,1,7.3
TIC-1453,Mérida,Americano,46.38,5,13.2
TIC-1454,Puebla,Té Matcha,70.34,4,3.5
TIC-1455,CDMX,Frappé,78.64,5,12.2
TIC-1456,Mérida,Capuchino,61.2,1,12.2
TIC-1457,Querétaro,Frappé,64.68,7,4.6
TIC-1458,Monterrey,Americano,43.45,7,10.5
TIC-1459,Querétaro,Frappé,77.99,4,7.6
TIC-1460,Guadalajara,Americano,38.98,2,5.4
TIC-1461,Monterrey,Americano,37.41,9,11.9
TIC-1462,Guadalajara,Té Matcha,65.24,7,11.9
TIC-1463,Puebla,Capuchino,55.69,9,9.3
TIC-1464,Monterrey,Frappé,75.11,6,8.3
TIC-1465,Mérida,Espresso,32.69,8,1.3
TIC-1466,CDMX,Frappé,83.77,3,13.6
TIC-1467,CDMX,Capuchino,49.27,4,4.5
TIC-1468,Querétaro,Capuchino,57.59,4,6.4
TIC-1469,Guadalajara,Espresso,36.11,4,6.3
TIC-1470,Monterrey,Latte,53.82,9,5.1
TIC-1471,Guadalajara,Frappé,81.83,4,10.2
TIC-1472,Querétaro,Capuchino,58.39,6,6.3
TIC-1473,Puebla,Americano,44.87,5,13.9
TIC-1474,Guadalajara,Frappé,75.45,5,5.7
TIC-1475,Monterrey,Americano,45.8,3,18.0
TIC-1476,Puebla,Té Matcha,67.97,9,5.2
TIC-1477,Mérida,Capuchino,64.27,2,10.0
TIC-1478,Querétaro,Espresso,30.95,8,14.7
TIC-1479,Monterrey,Té Matcha,57.42,6,6.6
TIC-1480,CDMX,Frappé,67.24,4,14.6
TIC-1481,Monterrey,Té Matcha,63.05,1,12.7
TIC-1482,Guadalajara,Té Matcha,64.3,1,19.3
TIC-1483,Mérida,Capuchino,57.82,7,11.1
TIC-1484,Mérida,Frappé,70.34,10,7.9
TIC-1485,Querétaro,Latte,59.85,5,8.0
TIC-1486,CDMX,Latte,56.47,8,13.0
TIC-1487,CDMX,Frappé,72.15,9,7.4
TIC-1488,Guadalajara,Espresso,40.58,3,12.0
TIC-1489,Querétaro,Espresso,32.25,3,8.3
TIC-1490,Guadalajara,Frappé,69.18,10,10.0
TIC-1491,Mérida,Frappé,79.38,8,5.8
TIC-1492,CDMX,Frappé,72.88,4,10.4
TIC-1493,Puebla,Espresso,34.18,5,5.9
TIC-1494,Mérida,Capuchino,63.0,6,3.3
TIC-1495,Puebla,Capuchino,67.21,10,9.4
TIC-1496,Mérida,Té Matcha,72.89,5,10.6
TIC-1497,Monterrey,Capuchino,55.07,4,4.3
TIC-1498,CDMX,Americano,39.8,3,9.0
TIC-1499,Monterrey,Latte,48.06,6,13.9
TIC-1500,Mérida,Latte,54.74,1,28.1
TIC-1501,CDMX,Té Matcha,61.79,10,9.7
TIC-1502,Monterrey,Latte,51.97,3,18.1
TIC-1503,Guadalajara,Capuchino,61.15,4,20.9
TIC-1504,Mérida,Latte,55.77,1,11.7
TIC-1505,Guadalajara,Latte,52.59,1,6.5
TIC-1506,CDMX,Capuchino,66.62,3,10.6
TIC-1507,Monterrey,Espresso,36.88,8,5.3
TIC-1508,Guadalajara,Americano,33.49,9,7.1
TIC-1509,CDMX,Frappé,77.6,7,13.0
TIC-1510,Puebla,Americano,42.13,10,5.7
TIC-1511,Mérida,Té Matcha,58.6,9,5.1
TIC-1512,Puebla,Té Matcha,69.71,5,14.3
TIC-1513,CDMX,Espresso,31.15,5,10.4
TIC-1514,Monterrey,Capuchino,62.78,6,22.2
TIC-1515,Querétaro,Latte,50.95,6,3.3
TIC-1516,Mérida,Latte,43.38,1,3.8
TIC-1517,Puebla,Latte,57.53,4,13.0
TIC-1518,Mérida,Americano,43.76,3,9.4
TIC-1519,CDMX,Americano,41.36,10,5.6
TIC-1520,Querétaro,Frappé,80.54,8,3.1
TIC-1521,Mérida,Capuchino,61.18,8,15.0
TIC-1522,Puebla,Espresso,41.95,10,9.0
TIC-1523,Monterrey,Espresso,27.81,4,8.7
TIC-1524,Mérida,Latte,48.21,4,6.8
TIC-1525,Puebla,Americano,52.59,2,6.4
TIC-1526,Querétaro,Americano,39.37,5,5.1
TIC-1527,Mérida,Espresso,30.52,4,5.9
TIC-1528,Guadalajara,Espresso,29.18,3,10.4
TIC-1529,Querétaro,Latte,49.66,7,8.3
TIC-1530,CDMX,Latte,49.16,5,10.9
TIC-1531,Puebla,Latte,56.05,4,9.1
TIC-1532,CDMX,Americano,43.5,4,4.8
TIC-1533,CDMX,Frappé,76.62,7,9.4
TIC-1534,CDMX,Latte,68.7,1,8.1
TIC-1535,Mérida,Espresso,45.67,7,11.2
TIC-1536,CDMX,Capuchino,64.34,10,11.4
TIC-1537,Querétaro,Espresso,35.93,1,9.1
TIC-1538,Querétaro,Espresso,40.25,8,9.8
TIC-1539,Querétaro,Americano,44.3,3,8.5
TIC-1540,Mérida,Espresso,25.62,8,10.2
TIC-1541,Querétaro,Americano,51.71,3,9.6
TIC-1542,Guadalajara,Latte,51.53,2,7.3
TIC-1543,Querétaro,Capuchino,62.12,2,10.4
TIC-1544,Guadalajara,Capuchino,61.58,8,7.7
TIC-1545,Querétaro,Té Matcha,65.53,7,6.4
TIC-1546,Guadalajara,Latte,47.91,8,9.4
TIC-1547,Guadalajara,Espresso,36.38,7,15.1
TIC-1548,CDMX,Latte,59.06,6,12.9
TIC-1549,Puebla,Americano,42.78,6,10.0
TIC-1550,CDMX,Té Matcha,68.79,2,11.2
TIC-1551,CDMX,Té Matcha,60.38,5,13.7
TIC-1552,Guadalajara,Espresso,44.12,5,11.0
TIC-1553,Monterrey,Espresso,41.92,9,15.4
TIC-1554,Querétaro,Espresso,30.77,9,11.3
TIC-1555,Guadalajara,Capuchino,49.13,1,11.2
TIC-1556,Guadalajara,Té Matcha,73.99,8,11.3
TIC-1557,CDMX,Té Matcha,69.38,2,11.9
TIC-1558,Mérida,Latte,48.43,7,3.6
TIC-1559,Puebla,Latte,53.4,4,8.2
TIC-1560,Querétaro,Capuchino,62.25,2,11.6
TIC-1561,Querétaro,Frappé,70.0,5,14.7
TIC-1562,CDMX,Americano,40.05,9,6.0
TIC-1563,Guadalajara,Capuchino,55.7,7,13.5
TIC-1564,Puebla,Frappé,71.42,7,9.0
TIC-1565,Puebla,Americano,41.31,5,16.6
TIC-1566,Guadalajara,Latte,63.17,6,11.2
TIC-1567,Mérida,Latte,49.07,7,8.1
TIC-1568,CDMX,Frappé,82.92,7,5.7
TIC-1569,Guadalajara,Americano,35.32,10,20.7
TIC-1570,CDMX,Latte,53.53,5,11.4
TIC-1571,Guadalajara,Espresso,42.91,6,10.5
TIC-1572,Querétaro,Capuchino,53.0,3,7.3
TIC-1573,Mérida,Latte,47.39,3,4.1
TIC-1574,Mérida,Americano,39.65,3,8.4
TIC-1575,Mérida,Latte,56.43,10,9.1
TIC-1576,Monterrey,Capuchino,61.92,10,12.1
TIC-1577,CDMX,Americano,37.41,3,6.1
TIC-1578,Puebla,Té Matcha,60.07,4,6.2
TIC-1579,Monterrey,Frappé,72.43,2,5.6
TIC-1580,CDMX,Americano,35.57,5,13.2
TIC-1581,Mérida,Latte,51.64,8,5.8
TIC-1582,Puebla,Americano,41.57,7,7.4
TIC-1583,CDMX,Té Matcha,60.01,5,9.4
TIC-1584,CDMX,Frappé,73.8,3,12.6
TIC-1585,Puebla,Espresso,38.3,6,16.0
TIC-1586,Querétaro,Capuchino,59.88,7,7.6
TIC-1587,Guadalajara,Latte,61.23,5,6.8
TIC-1588,Querétaro,Frappé,81.62,8,20.7
TIC-1589,Monterrey,Té Matcha,60.73,3,7.4
TIC-1590,Querétaro,Té Matcha,64.06,7,5.1
TIC-1591,Guadalajara,Capuchino,54.17,6,11.0
TIC-1592,Mérida,Americano,37.28,3,11.0
TIC-1593,CDMX,Té Matcha,66.39,8,17.2
TIC-1594,Puebla,Té Matcha,71.7,5,11.7
TIC-1595,CDMX,Espresso,37.84,7,7.4
TIC-1596,Querétaro,Frappé,74.18,8,12.6
TIC-1597,Monterrey,Té Matcha,64.26,8,6.2
TIC-1598,Monterrey,Latte,58.65,7,12.6
TIC-1599,Guadalajara,Latte,58.35,8,3.2
TIC-1600,Mérida,Espresso,23.46,9,18.6
TIC-1601,CDMX,Capuchino,58.15,1,7.5
TIC-1602,Mérida,Espresso,39.33,8,6.5
TIC-1603,Querétaro,Capuchino,69.82,3,10.5
TIC-1604,Guadalajara,Frappé,72.76,2,6.0
TIC-1605,Monterrey,Espresso,38.06,3,6.9
TIC-1606,Mérida,Té Matcha,61.26,6,8.9
TIC-1607,Mérida,Frappé,72.15,4,15.5
TIC-1608,Puebla,Té Matcha,68.52,8,9.2
TIC-1609,CDMX,Americano,44.18,3,14.2
TIC-1610,Querétaro,Capuchino,56.99,9,4.7
TIC-1611,Monterrey,Té Matcha,53.74,9,5.9
TIC-1612,CDMX,Capuchino,65.34,10,8.7
TIC-1613,Monterrey,Frappé,81.29,8,14.2
TIC-1614,Mérida,Frappé,72.94,4,5.1
TIC-1615,Querétaro,Americano,36.37,1,8.7
TIC-1616,Mérida,Americano,34.46,8,12.2
TIC-1617,Puebla,Frappé,70.72,7,8.9
TIC-1618,Monterrey,Frappé,75.41,10,12.1
TIC-1619,Guadalajara,Capuchino,62.31,5,7.1
TIC-1620,Puebla,Latte,60.31,6,8.0
TIC-1621,Monterrey,Americano,36.86,5,9.1
TIC-1622,Puebla,Frappé,73.06,8,12.9
TIC-1623,CDMX,Espresso,29.99,10,6.4
TIC-1624,Mérida,Té Matcha,53.04,7,12.5
TIC-1625,Mérida,Frappé,75.71,3,8.5
TIC-1626,Monterrey,Espresso,37.4,3,7.5
TIC-1627,Monterrey,Té Matcha,71.81,4,6.3
TIC-1628,Guadalajara,Frappé,63.99,6,13.6
TIC-1629,Guadalajara,Té Matcha,68.91,4,3.7
TIC-1630,Monterrey,Espresso,40.9,2,10.5
TIC-1631,CDMX,Té Matcha,57.88,8,8.0
TIC-1632,Querétaro,Frappé,81.12,2,4.1
TIC-1633,CDMX,Capuchino,58.9,1,12.3
TIC-1634,Monterrey,Té Matcha,59.31,4,21.8
TIC-1635,Querétaro,Capuchino,55.46,3,9.7
TIC-1636,Mérida,Americano,50.78,7,3.8
TIC-1637,CDMX,Té Matcha,57.4,3,7.0
TIC-1638,Querétaro,Americano,40.72,3,10.2
TIC-1639,CDMX,Té Matcha,70.44,2,8.2
TIC-1640,Guadalajara,Té Matcha,70.36,2,16.6
TIC-1641,Monterrey,Té Matcha,66.58,7,13.5
TIC-1642,Mérida,Frappé,76.86,10,11.2
TIC-1643,Monterrey,Latte,53.46,5,6.7
TIC-1644,Puebla,Frappé,78.07,1,11.6
TIC-1645,Monterrey,Latte,50.71,1,16.9
TIC-1646,Puebla,Té Matcha,64.99,1,5.2
TIC-1647,Guadalajara,Espresso,30.1,7,10.7
TIC-1648,Puebla,Frappé,75.84,3,9.1
TIC-1649,Querétaro,Té Matcha,66.08,5,8.9
TIC-1650,Mérida,Capuchino,63.24,5,9.0
TIC-1651,Monterrey,Latte,45.36,6,6.3
TIC-1652,Querétaro,Espresso,32.39,10,3.9
TIC-1653,Guadalajara,Té Matcha,64.78,7,9.9
TIC-1654,CDMX,Americano,41.91,2,11.8
TIC-1655,Monterrey,Capuchino,49.99,3,13.6
TIC-1656,Querétaro,Americano,35.76,2,5.2
TIC-1657,Puebla,Americano,32.26,1,6.6
TIC-1658,Guadalajara,Té Matcha,59.63,7,9.1
TIC-1659,Mérida,Americano,41.34,4,3.1
TIC-1660,Puebla,Latte,57.25,2,10.7
TIC-1661,CDMX,Capuchino,65.93,2,7.2
TIC-1662,CDMX,Capuchino,54.19,2,8.0
TIC-1663,CDMX,Té Matcha,66.87,3,12.3
TIC-1664,Monterrey,Americano,40.76,8,2.5
TIC-1665,Guadalajara,Frappé,78.31,10,5.8
TIC-1666,CDMX,Frappé,79.17,5,15.7
TIC-1667,Guadalajara,Americano,39.67,10,21.1
TIC-1668,Puebla,Americano,40.74,9,11.9
TIC-1669,Guadalajara,Capuchino,57.42,2,9.9
TIC-1670,Mérida,Espresso,29.4,6,15.7
TIC-1671,Monterrey,Té Matcha,65.72,1,10.7
TIC-1672,CDMX,Americano,46.18,6,12.8
TIC-1673,Mérida,Espresso,33.31,9,12.3
TIC-1674,Mérida,Capuchino,51.56,7,11.4
TIC-1675,Guadalajara,Frappé,70.63,9,6.7
TIC-1676,Querétaro,Capuchino,62.7,4,6.1
TIC-1677,Monterrey,Espresso,34.55,4,4.6
TIC-1678,Monterrey,Americano,42.94,2,9.7
TIC-1679,CDMX,Frappé,77.76,10,9.6
TIC-1680,Puebla,Capuchino,61.69,9,3.7
TIC-1681,Puebla,Latte,60.46,10,8.4
TIC-1682,Puebla,Latte,60.29,5,15.0
TIC-1683,Monterrey,Capuchino,52.94,5,7.1
TIC-1684,Mérida,Frappé,72.39,3,4.7
TIC-1685,CDMX,Latte,52.9,5,7.0
TIC-1686,Querétaro,Latte,59.01,2,8.0
TIC-1687,Guadalajara,Capuchino,61.07,5,9.7
TIC-1688,Guadalajara,Espresso,34.01,10,6.7
TIC-1689,CDMX,Té Matcha,62.67,7,8.0
TIC-1690,Puebla,Capuchino,63.93,7,9.9
TIC-1691,Monterrey,Frappé,72.36,2,4.7
TIC-1692,Mérida,Frappé,86.32,7,3.9
TIC-1693,Querétaro,Capuchino,68.39,5,14.3
TIC-1694,Guadalajara,Frappé,84.02,6,8.1
TIC-1695,Puebla,Frappé,82.39,5,14.3
TIC-1696,Querétaro,Americano,39.2,5,7.5
TIC-1697,Puebla,Capuchino,55.67,8,12.7
TIC-1698,Mérida,Té Matcha,60.09,9,12.8
TIC-1699,Querétaro,Americano,41.86,10,11.9
TIC-1700,Querétaro,Espresso,35.68,4,19.0
TIC-1701,Puebla,Frappé,73.17,8,22.6
TIC-1702,Monterrey,Té Matcha,65.68,4,5.1
TIC-1703,Mérida,Latte,51.6,6,8.8
TIC-1704,Puebla,Té Matcha,65.85,3,10.2
TIC-1705,CDMX,Capuchino,58.6,3,7.1
TIC-1706,CDMX,Frappé,70.36,10,19.6
TIC-1707,Guadalajara,Espresso,35.96,4,17.7
TIC-1708,Monterrey,Americano,40.5,1,15.2
TIC-1709,Guadalajara,Espresso,25.99,8,4.1
TIC-1710,Mérida,Capuchino,53.05,6,10.1
TIC-1711,Querétaro,Espresso,31.31,7,9.5
TIC-1712,Mérida,Latte,48.1,3,8.0
TIC-1713,Mérida,Espresso,38.97,3,6.3
TIC-1714,Puebla,Espresso,38.73,7,9.4
TIC-1715,Monterrey,Frappé,79.35,1,14.4
TIC-1716,Monterrey,Americano,45.44,5,12.9
TIC-1717,Guadalajara,Frappé,69.46,9,5.1
TIC-1718,Querétaro,Capuchino,61.74,2,7.8
TIC-1719,Querétaro,Té Matcha,66.53,9,9.5
TIC-1720,CDMX,Capuchino,58.26,7,3.6
TIC-1721,Monterrey,Frappé,72.17,10,15.5
TIC-1722,Mérida,Té Matcha,59.06,2,2.3
TIC-1723,Puebla,Frappé,67.24,7,9.4
TIC-1724,Querétaro,Americano,32.92,6,10.5
TIC-1725,Mérida,Espresso,41.89,5,9.9
TIC-1726,Guadalajara,Americano,44.2,7,3.5
TIC-1727,CDMX,Americano,37.84,5,3.8
TIC-1728,Guadalajara,Espresso,26.25,4,12.3
TIC-1729,Guadalajara,Frappé,75.6,8,4.0
TIC-1730,Monterrey,Frappé,70.04,8,12.6
TIC-1731,Mérida,Capuchino,56.04,2,12.5
TIC-1732,Puebla,Té Matcha,68.86,3,21.5
TIC-1733,Puebla,Americano,47.08,10,11.5
TIC-1734,Querétaro,Frappé,82.67,4,8.1
TIC-1735,Puebla,Latte,50.49,9,23.4
TIC-1736,Querétaro,Americano,40.29,7,6.3
TIC-1737,Querétaro,Té Matcha,66.0,2,11.0
TIC-1738,Monterrey,Frappé,71.26,5,11.0
TIC-1739,CDMX,Espresso,30.47,5,8.0
TIC-1740,CDMX,Frappé,77.07,9,12.5
TIC-1741,Querétaro,Capuchino,61.28,2,7.4
TIC-1742,Mérida,Espresso,29.93,1,12.6
TIC-1743,Monterrey,Latte,55.93,4,8.9
TIC-1744,Querétaro,Frappé,65.77,7,13.4
TIC-1745,Mérida,Frappé,74.2,9,11.4
TIC-1746,Querétaro,Latte,54.78,5,9.6
TIC-1747,Mérida,Americano,37.75,3,15.4
TIC-1748,CDMX,Capuchino,66.41,10,8.2
TIC-1749,Puebla,Americano,33.99,10,17.2
TIC-1750,Mérida,Frappé,70.75,10,8.0
TIC-1751,Guadalajara,Frappé,77.65,1,7.6
TIC-1752,CDMX,Capuchino,66.9,3,9.0
TIC-1753,Puebla,Americano,42.27,6,9.3
TIC-1754,Guadalajara,Espresso,31.72,2,11.5
TIC-1755,Puebla,Espresso,33.1,7,6.0
TIC-1756,CDMX,Espresso,36.62,2,14.8
TIC-1757,CDMX,Capuchino,51.25,6,10.9
TIC-1758,Guadalajara,Espresso,37.01,3,7.7
TIC-1759,Monterrey,Americano,43.58,1,9.3
TIC-1760,Monterrey,Americano,41.05,9,9.2
TIC-1761,Querétaro,Latte,53.39,10,6.2
TIC-1762,Mérida,Espresso,27.72,10,11.4
TIC-1763,Mérida,Espresso,39.39,8,5.0
TIC-1764,Monterrey,Capuchino,54.62,2,6.1
TIC-1765,Monterrey,Americano,39.38,10,8.6
TIC-1766,Monterrey,Frappé,68.62,7,6.4
TIC-1767,Puebla,Americano,36.04,4,17.4
TIC-1768,Querétaro,Espresso,29.85,5,6.8
TIC-1769,Querétaro,Espresso,31.42,6,6.3
TIC-1770,Guadalajara,Latte,63.5,5,8.7
TIC-1771,Guadalajara,Americano,37.36,3,12.2
TIC-1772,Querétaro,Latte,49.97,8,5.8
TIC-1773,Guadalajara,Frappé,75.52,3,13.3
TIC-1774,Mérida,Té Matcha,67.81,3,12.3
TIC-1775,Puebla,Americano,37.77,6,8.0
TIC-1776,Mérida,Espresso,29.17,4,15.1
TIC-1777,Querétaro,Capuchino,45.45,4,11.4
TIC-1778,Guadalajara,Té Matcha,58.8,3,12.0
TIC-1779,Guadalajara,Latte,55.13,7,15.4
TIC-1780,Puebla,Capuchino,67.91,9,16.6
TIC-1781,Querétaro,Latte,64.18,7,8.5
TIC-1782,CDMX,Frappé,70.65,9,11.7
TIC-1783,Puebla,Americano,39.29,4,12.0
TIC-1784,Querétaro,Frappé,78.51,1,12.8
TIC-1785,CDMX,Espresso,34.52,6,5.6
TIC-1786,Mérida,Capuchino,61.99,1,6.0
TIC-1787,Mérida,Espresso,34.29,6,2.9
TIC-1788,Querétaro,Frappé,78.3,8,11.3
TIC-1789,Puebla,Espresso,35.83,1,10.8
TIC-1790,Puebla,Espresso,40.61,1,6.2
TIC-1791,Puebla,Té Matcha,73.09,3,6.2
TIC-1792,Monterrey,Frappé,70.62,4,8.7
TIC-1793,Mérida,Frappé,74.33,3,18.4
TIC-1794,Querétaro,Té Matcha,68.21,3,8.0
TIC-1795,Querétaro,Té Matcha,61.73,7,3.1
TIC-1796,Puebla,Frappé,78.36,7,10.4
TIC-1797,Querétaro,Espresso,32.7,3,9.0
TIC-1798,Mérida,Americano,45.14,9,6.0
TIC-1799,Guadalajara,Americano,39.81,1,4.6
TIC-1800,Mérida,Latte,57.39,3,6.5
TIC-1801,Guadalajara,Té Matcha,68.88,1,11.8
TIC-1802,Guadalajara,Espresso,30.17,4,5.1
TIC-1803,Monterrey,Americano,32.42,5,12.7
TIC-1804,Puebla,Frappé,74.62,1,6.6
TIC-1805,Monterrey,Té Matcha,71.91,5,11.7
TIC-1806,Puebla,Capuchino,61.31,9,15.0
TIC-1807,Puebla,Americano,44.59,2,8.7
TIC-1808,Guadalajara,Capuchino,58.62,3,3.2
TIC-1809,Querétaro,Té Matcha,60.92,9,14.3
TIC-1810,CDMX,Latte,67.83,9,14.1
TIC-1811,Guadalajara,Frappé,80.46,5,15.4
TIC-1812,Monterrey,Latte,59.08,10,12.8
TIC-1813,Puebla,Té Matcha,59.45,10,10.3
TIC-1814,CDMX,Espresso,41.57,8,10.4
TIC-1815,Mérida,Americano,43.48,4,10.2
TIC-1816,Guadalajara,Té Matcha,65.64,7,7.7
TIC-1817,Puebla,Té Matcha,71.23,7,8.8
TIC-1818,Mérida,Capuchino,66.86,3,5.6
TIC-1819,CDMX,Frappé,78.81,6,11.2
TIC-1820,CDMX,Frappé,70.24,5,9.6
TIC-1821,CDMX,Té Matcha,58.81,7,13.8
TIC-1822,CDMX,Té Matcha,61.32,7,5.2
TIC-1823,Mérida,Té Matcha,76.1,6,12.2
TIC-1824,Querétaro,Espresso,25.07,3,8.7
TIC-1825,Mérida,Capuchino,60.29,6,4.2
TIC-1826,Querétaro,Latte,50.12,9,13.3
TIC-1827,Monterrey,Americano,38.46,7,7.6
TIC-1828,CDMX,Americano,41.1,5,4.6
TIC-1829,Guadalajara,Latte,52.24,5,9.3
TIC-1830,Guadalajara,Latte,54.46,1,21.7
TIC-1831,Querétaro,Espresso,26.62,4,9.6
TIC-1832,CDMX,Americano,38.97,10,16.1
TIC-1833,CDMX,Espresso,33.99,5,6.0
TIC-1834,Mérida,Espresso,32.52,10,12.9
TIC-1835,Mérida,Espresso,38.58,2,7.8
TIC-1836,Puebla,Frappé,78.68,8,5.7
TIC-1837,Monterrey,Té Matcha,66.08,4,16.0
TIC-1838,Monterrey,Té Matcha,58.92,9,7.2
TIC-1839,CDMX,Espresso,35.3,7,5.9
TIC-1840,Querétaro,Té Matcha,60.18,3,12.7
TIC-1841,Monterrey,Té Matcha,67.59,6,7.9
TIC-1842,Querétaro,Espresso,42.39,4,7.6
TIC-1843,CDMX,Espresso,38.66,8,9.5
TIC-1844,Mérida,Frappé,75.98,6,5.4
TIC-1845,Querétaro,Latte,52.42,10,15.1
TIC-1846,Monterrey,Capuchino,60.42,2,6.9
TIC-1847,Guadalajara,Americano,46.67,10,3.3
TIC-1848,Guadalajara,Capuchino,54.43,7,13.0
TIC-1849,Monterrey,Capuchino,59.41,10,16.3
TIC-1850,Guadalajara,Latte,52.96,10,11.7
TIC-1851,Puebla,Latte,59.33,5,8.5
TIC-1852,Guadalajara,Capuchino,52.42,1,13.4
TIC-1853,Puebla,Té Matcha,66.6,4,4.6
TIC-1854,Guadalajara,Espresso,37.26,9,11.1
TIC-1855,CDMX,Espresso,41.39,6,3.4
TIC-1856,Guadalajara,Americano,36.41,9,5.4
TIC-1857,Puebla,Frappé,83.19,1,9.0
TIC-1858,CDMX,Espresso,31.83,8,2.7
TIC-1859,Guadalajara,Espresso,39.59,9,1.6
TIC-1860,Monterrey,Capuchino,53.76,1,10.2
TIC-1861,Monterrey,Americano,36.84,9,13.7
TIC-1862,Querétaro,Espresso,38.43,10,5.8
TIC-1863,Guadalajara,Americano,44.05,7,2.4
TIC-1864,Querétaro,Latte,54.71,5,8.1
TIC-1865,Puebla,Americano,36.28,3,14.2
TIC-1866,Puebla,Espresso,39.61,1,16.7
TIC-1867,Mérida,Espresso,38.35,9,10.2
TIC-1868,CDMX,Americano,42.45,10,8.5
TIC-1869,Monterrey,Té Matcha,61.32,4,10.5
TIC-1870,Monterrey,Espresso,44.65,7,4.7
TIC-1871,CDMX,Capuchino,64.16,1,12.6
TIC-1872,Monterrey,Espresso,42.92,4,7.0
TIC-1873,Monterrey,Espresso,35.65,5,13.8
TIC-1874,Guadalajara,Latte,59.44,6,8.4
TIC-1875,Guadalajara,Americano,37.17,8,12.4
TIC-1876,CDMX,Capuchino,59.56,5,12.0
TIC-1877,Puebla,Espresso,28.93,3,6.5
TIC-1878,Guadalajara,Espresso,33.31,6,3.7
TIC-1879,Puebla,Latte,58.14,3,2.9
TIC-1880,Querétaro,Frappé,70.86,9,11.6
TIC-1881,Guadalajara,Americano,44.0,1,4.7
TIC-1882,Puebla,Latte,46.23,10,9.2
TIC-1883,Mérida,Americano,41.92,8,6.2
TIC-1884,Mérida,Americano,41.66,7,10.6
TIC-1885,Monterrey,Frappé,85.05,9,3.6
TIC-1886,CDMX,Espresso,28.01,5,12.4
TIC-1887,Puebla,Espresso,38.16,8,9.8
TIC-1888,CDMX,Latte,59.37,4,7.1
TIC-1889,Querétaro,Té Matcha,72.33,10,7.5
TIC-1890,Monterrey,Latte,65.23,4,7.5
TIC-1891,CDMX,Espresso,35.14,10,9.0
TIC-1892,Querétaro,Capuchino,59.78,4,14.9
TIC-1893,Querétaro,Frappé,78.5,9,10.1
TIC-1894,CDMX,Té Matcha,71.95,3,7.5
TIC-1895,CDMX,Latte,64.45,10,12.3
TIC-1896,Guadalajara,Espresso,29.4,1,9.8
TIC-1897,Mérida,Té Matcha,68.22,5,9.1
TIC-1898,Guadalajara,Capuchino,71.62,9,10.1
TIC-1899,Mérida,Capuchino,57.4,9,14.1
TIC-1900,Querétaro,Capuchino,65.91,3,7.7
TIC-1901,Querétaro,Espresso,37.56,4,23.8
TIC-1902,Puebla,Té Matcha,62.38,9,13.7
TIC-1903,Querétaro,Espresso,33.76,4,11.4
TIC-1904,Puebla,Latte,49.12,6,7.2
TIC-1905,Monterrey,Té Matcha,70.37,5,11.6
TIC-1906,Querétaro,Capuchino,56.49,2,16.1
TIC-1907,Monterrey,Latte,55.96,2,15.4
TIC-1908,Mérida,Té Matcha,61.02,9,5.5
TIC-1909,Mérida,Frappé,69.67,2,4.9
TIC-1910,Guadalajara,Té Matcha,61.88,2,5.5
TIC-1911,Mérida,Té Matcha,64.37,3,10.4
TIC-1912,Monterrey,Espresso,36.35,10,16.6
TIC-1913,Mérida,Espresso,44.83,8,17.4
TIC-1914,Mérida,Frappé,71.66,6,6.2
TIC-1915,Mérida,Capuchino,60.84,10,6.0
TIC-1916,Puebla,Latte,62.51,6,8.1
TIC-1917,CDMX,Espresso,37.38,6,21.7
TIC-1918,Querétaro,Espresso,27.14,6,5.6
TIC-1919,Guadalajara,Capuchino,66.74,7,6.8
TIC-1920,CDMX,Latte,55.16,2,14.4
TIC-1921,Guadalajara,Americano,35.08,10,8.4
TIC-1922,Mérida,Americano,40.74,7,17.7
TIC-1923,Guadalajara,Latte,59.58,6,15.1
TIC-1924,Querétaro,Té Matcha,58.42,9,14.8
TIC-1925,Guadalajara,Latte,56.5,8,10.5
TIC-1926,Querétaro,Frappé,75.02,9,11.5
TIC-1927,CDMX,Latte,58.89,7,13.3
TIC-1928,Mérida,Frappé,76.5,5,7.6
TIC-1929,Mérida,Té Matcha,59.98,7,21.1
TIC-1930,Mérida,Espresso,31.94,8,10.4
TIC-1931,Puebla,Americano,36.25,8,7.3
TIC-1932,Puebla,Espresso,46.42,9,16.7
TIC-1933,Querétaro,Té Matcha,68.91,7,16.9
TIC-1934,Querétaro,Capuchino,63.97,8,4.1
TIC-1935,Monterrey,Americano,41.05,7,7.6
TIC-1936,CDMX,Espresso,33.08,3,8.6
TIC-1937,Querétaro,Americano,36.56,8,9.5
TIC-1938,Puebla,Americano,48.76,10,13.9
TIC-1939,Puebla,Americano,44.4,2,12.9
TIC-1940,Monterrey,Latte,48.61,9,8.2
TIC-1941,Monterrey,Capuchino,65.44,3,8.4
TIC-1942,Monterrey,Americano,35.27,8,7.3
TIC-1943,Puebla,Té Matcha,63.81,6,5.3
TIC-1944,Guadalajara,Frappé,81.2,3,9.9
TIC-1945,Guadalajara,Capuchino,55.58,1,9.6
TIC-1946,Querétaro,Espresso,39.64,2,7.1
TIC-1947,Mérida,Té Matcha,71.96,4,4.6
TIC-1948,Monterrey,Té Matcha,66.42,6,8.2
TIC-1949,Querétaro,Espresso,36.02,4,17.7
TIC-1950,Mérida,Capuchino,62.53,8,7.0
TIC-1951,Puebla,Capuchino,57.4,3,5.9
TIC-1952,Querétaro,Americano,41.26,9,7.9
TIC-1953,Guadalajara,Latte,55.44,4,6.4
TIC-1954,Puebla,Espresso,38.85,8,2.6
TIC-1955,Monterrey,Frappé,70.62,10,8.4
TIC-1956,Monterrey,Té Matcha,60.17,1,13.4
TIC-1957,Monterrey,Té Matcha,63.8,10,9.5
TIC-1958,Puebla,Americano,38.54,4,3.6
TIC-1959,CDMX,Espresso,39.98,1,16.2
TIC-1960,CDMX,Té Matcha,75.88,9,10.6
TIC-1961,CDMX,Té Matcha,65.7,10,11.1
TIC-1962,Monterrey,Capuchino,64.74,7,12.8
TIC-1963,Mérida,Frappé,77.26,2,6.3
TIC-1964,Monterrey,Latte,61.53,1,12.2
TIC-1965,Puebla,Americano,43.84,5,3.0
TIC-1966,Puebla,Té Matcha,63.09,6,8.0
TIC-1967,Mérida,Americano,38.17,7,3.8
TIC-1968,Querétaro,Latte,54.96,4,16.9
TIC-1969,Querétaro,Frappé,76.82,10,14.5
TIC-1970,Monterrey,Americano,44.04,6,5.9
TIC-1971,CDMX,Latte,54.54,8,10.3
TIC-1972,Mérida,Frappé,80.57,3,9.8
TIC-1973,CDMX,Latte,55.02,1,5.8
TIC-1974,Mérida,Frappé,83.27,5,9.0
TIC-1975,Querétaro,Latte,50.17,6,10.8
TIC-1976,CDMX,Té Matcha,62.0,10,10.9
TIC-1977,Mérida,Frappé,73.62,3,15.2
TIC-1978,Puebla,Frappé,68.86,9,11.3
TIC-1979,CDMX,Té Matcha,72.05,4,15.4
TIC-1980,Querétaro,Americano,40.85,4,6.3
TIC-1981,Puebla,Espresso,24.06,7,7.8
TIC-1982,Guadalajara,Capuchino,52.09,2,8.7
TIC-1983,Guadalajara,Té Matcha,65.65,6,6.9
TIC-1984,Querétaro,Latte,59.75,1,4.3
TIC-1985,Mérida,Americano,41.38,3,11.5
TIC-1986,Querétaro,Capuchino,66.36,1,3.8
TIC-1987,CDMX,Capuchino,60.56,3,3.8
TIC-1988,Querétaro,Frappé,76.47,8,4.1
TIC-1989,CDMX,Latte,55.75,9,15.4
TIC-1990,Querétaro,Capuchino,61.64,1,19.7
TIC-1991,Mérida,Té Matcha,71.29,4,18.9
TIC-1992,Mérida,Americano,33.42,7,9.8
TIC-1993,CDMX,Latte,52.39,7,16.1
TIC-1994,CDMX,Latte,53.99,4,15.6
TIC-1995,Monterrey,Latte,58.51,5,6.0
TIC-1996,Mérida,Latte,56.32,1,17.9
TIC-1997,Puebla,Espresso,40.73,4,5.6
TIC-1998,Puebla,Capuchino,57.8,8,19.8
TIC-1999,Monterrey,Té Matcha,63.66,4,9.6
TIC-2000,Guadalajara,Espresso,35.88,10,6.9
TIC-2001,Monterrey,Espresso,38.67,5,4.3
TIC-2002,Monterrey,Frappé,81.61,8,7.0
TIC-2003,CDMX,Frappé,70.0,5,6.5
TIC-2004,Querétaro,Latte,66.03,7,6.6
TIC-2005,Querétaro,Espresso,29.45,10,14.7
TIC-2006,Querétaro,Espresso,40.05,7,18.7
TIC-2007,Monterrey,Frappé,72.59,7,8.3
TIC-2008,Puebla,Americano,41.66,9,10.0
TIC-2009,CDMX,Americano,42.45,3,7.3
TIC-2010,Querétaro,Capuchino,65.69,1,12.8
TIC-2011,Querétaro,Capuchino,58.93,10,11.3
TIC-2012,CDMX,Frappé,67.72,7,9.2
TIC-2013,Monterrey,Té Matcha,62.44,9,9.2
TIC-2014,Guadalajara,Té Matcha,67.97,6,11.1
TIC-2015,CDMX,Capuchino,51.91,6,15.5
TIC-2016,Guadalajara,Frappé,71.44,4,12.4
TIC-2017,Mérida,Capuchino,58.9,7,9.0
TIC-2018,Guadalajara,Capuchino,52.46,5,12.2
TIC-2019,Mérida,Latte,54.67,8,5.7
TIC-2020,CDMX,Latte,53.93,10,15.7
TIC-2021,Querétaro,Capuchino,67.71,3,8.4
TIC-2022,Puebla,Americano,36.15,8,14.3
TIC-2023,Guadalajara,Americano,47.25,7,11.4
TIC-2024,CDMX,Americano,35.71,5,6.4
TIC-2025,Guadalajara,Latte,56.61,9,15.8
TIC-2026,Monterrey,Latte,43.3,6,5.2
TIC-2027,Monterrey,Latte,65.65,1,6.6
TIC-2028,Mérida,Frappé,76.59,3,5.6
TIC-2029,Querétaro,Latte,49.94,7,4.9
TIC-2030,Querétaro,Frappé,78.97,3,7.9
TIC-2031,Puebla,Americano,39.58,2,13.1
TIC-2032,CDMX,Capuchino,61.07,4,6.8
TIC-2033,Guadalajara,Frappé,77.62,10,21.5
TIC-2034,Querétaro,Americano,46.58,5,7.4
TIC-2035,CDMX,Capuchino,49.06,2,10.2
TIC-2036,Mérida,Americano,38.02,4,10.2
TIC-2037,Guadalajara,Frappé,69.59,2,9.7
TIC-2038,CDMX,Capuchino,51.72,2,7.0
TIC-2039,Puebla,Capuchino,65.37,2,19.2
TIC-2040,Mérida,Frappé,79.43,5,14.5
TIC-2041,CDMX,Espresso,43.32,2,9.1
TIC-2042,Mérida,Frappé,69.68,6,7.9
TIC-2043,CDMX,Latte,49.0,7,15.7
TIC-2044,Mérida,Americano,34.47,7,13.5
TIC-2045,Guadalajara,Frappé,74.66,3,8.7
TIC-2046,CDMX,Frappé,77.34,8,15.8
TIC-2047,CDMX,Latte,53.48,1,17.2
TIC-2048,Monterrey,Espresso,40.24,9,5.4
TIC-2049,Querétaro,Latte,51.39,3,6.3
TIC-2050,Puebla,Latte,49.41,8,2.7
TIC-2051,Mérida,Capuchino,66.08,4,16.6
TIC-2052,Mérida,Latte,51.87,9,12.3
TIC-2053,Guadalajara,Capuchino,61.7,10,8.8
TIC-2054,Querétaro,Espresso,30.76,7,12.6
TIC-2055,Mérida,Té Matcha,61.45,2,9.7
TIC-2056,Mérida,Frappé,79.05,9,10.6
TIC-2057,Monterrey,Té Matcha,64.13,7,8.0
TIC-2058,Puebla,Espresso,40.4,2,3.1
TIC-2059,Monterrey,Espresso,36.82,3,14.5
TIC-2060,CDMX,Americano,41.65,1,8.2
TIC-2061,Puebla,Capuchino,57.87,10,20.9
TIC-2062,Querétaro,Americano,51.74,8,5.2
TIC-2063,Puebla,Latte,51.96,7,6.7
TIC-2064,Querétaro,Latte,49.59,7,11.5
TIC-2065,Mérida,Capuchino,49.44,9,10.2
TIC-2066,Puebla,Frappé,76.52,1,12.2
TIC-2067,Guadalajara,Té Matcha,68.17,6,7.2
TIC-2068,Mérida,Latte,47.78,10,15.6
TIC-2069,Monterrey,Té Matcha,77.94,5,12.6
TIC-2070,Monterrey,Frappé,81.8,3,5.2
TIC-2071,Puebla,Americano,43.86,9,13.6
TIC-2072,CDMX,Té Matcha,63.18,1,9.4
TIC-2073,Guadalajara,Espresso,35.97,4,4.3
TIC-2074,CDMX,Latte,54.57,5,7.0
TIC-2075,Mérida,Té Matcha,63.48,5,3.3
TIC-2076,CDMX,Latte,58.04,2,10.8
TIC-2077,CDMX,Capuchino,58.6,8,5.3
TIC-2078,CDMX,Capuchino,56.1,9,10.7
TIC-2079,CDMX,Capuchino,60.42,3,16.9
TIC-2080,Mérida,Frappé,78.39,6,3.5
TIC-2081,Monterrey,Frappé,78.65,10,15.6
TIC-2082,CDMX,Espresso,31.88,2,16.3
TIC-2083,Guadalajara,Latte,49.13,6,9.5
TIC-2084,Puebla,Latte,54.64,8,11.2
TIC-2085,Mérida,Frappé,70.97,7,5.0
TIC-2086,Guadalajara,Capuchino,55.51,2,15.1
TIC-2087,CDMX,Té Matcha,67.94,1,9.2
TIC-2088,Puebla,Espresso,42.77,10,8.9
TIC-2089,Mérida,Americano,37.19,7,15.5
TIC-2090,Puebla,Espresso,33.67,2,10.2
TIC-2091,CDMX,Americano,43.72,3,8.5
TIC-2092,Mérida,Frappé,78.18,8,10.5
TIC-2093,Querétaro,Té Matcha,67.97,5,3.2
TIC-2094,Guadalajara,Té Matcha,71.11,5,9.5
TIC-2095,Querétaro,Capuchino,57.09,9,6.7
TIC-2096,Guadalajara,Capuchino,54.58,6,22.0
TIC-2097,Guadalajara,Capuchino,66.7,1,13.9
TIC-2098,Mérida,Latte,45.96,7,5.4
TIC-2099,Mérida,Capuchino,66.49,7,5.7
TIC-2100,Querétaro,Té Matcha,71.43,10,7.5
TIC-2101,Mérida,Capuchino,52.37,5,5.7
TIC-2102,CDMX,Frappé,77.93,10,9.4
TIC-2103,Monterrey,Capuchino,62.6,10,9.8
TIC-2104,Mérida,Frappé,71.63,8,3.8
TIC-2105,Guadalajara,Frappé,73.47,5,8.8
TIC-2106,Mérida,Latte,49.5,10,14.9
TIC-2107,CDMX,Latte,55.75,2,13.2
TIC-2108,Monterrey,Frappé,71.82,5,15.2
TIC-2109,Guadalajara,Capuchino,71.59,7,8.5
TIC-2110,Monterrey,Té Matcha,65.51,1,3.9
TIC-2111,Querétaro,Espresso,25.53,8,15.6
TIC-2112,Monterrey,Latte,48.67,5,10.8
TIC-2113,CDMX,Latte,50.38,1,12.9
TIC-2114,Guadalajara,Latte,60.03,7,11.9
TIC-2115,Guadalajara,Latte,57.21,6,11.9
TIC-2116,Querétaro,Frappé,73.54,4,10.1
TIC-2117,Puebla,Té Matcha,63.56,7,14.6
TIC-2118,CDMX,Capuchino,69.67,9,14.6
TIC-2119,Mérida,Americano,39.8,1,6.5
TIC-2120,Querétaro,Espresso,28.51,3,15.2
TIC-2121,Monterrey,Americano,38.53,1,10.9
TIC-2122,Querétaro,Americano,43.7,6,13.3
TIC-2123,Puebla,Latte,53.54,10,6.2
TIC-2124,Querétaro,Capuchino,50.83,8,14.0
TIC-2125,Monterrey,Latte,41.76,9,9.6
TIC-2126,Mérida,Americano,38.48,6,7.2
TIC-2127,CDMX,Frappé,70.77,7,9.8
TIC-2128,Monterrey,Té Matcha,69.69,9,14.0
TIC-2129,Querétaro,Capuchino,52.11,10,6.5
TIC-2130,Puebla,Latte,57.7,1,4.9
TIC-2131,CDMX,Té Matcha,61.08,6,5.0
TIC-2132,Monterrey,Latte,52.25,7,2.8
TIC-2133,Monterrey,Frappé,74.44,1,9.1
TIC-2134,Mérida,Frappé,78.75,2,6.3
TIC-2135,Mérida,Latte,49.11,1,5.7
TIC-2136,Mérida,Americano,42.12,3,7.9
TIC-2137,Querétaro,Capuchino,57.3,2,8.0
TIC-2138,Querétaro,Capuchino,55.84,4,6.6
TIC-2139,Monterrey,Té Matcha,75.77,4,11.9
TIC-2140,CDMX,Capuchino,67.18,4,14.2
TIC-2141,Mérida,Frappé,84.87,3,11.0
TIC-2142,Guadalajara,Latte,53.35,3,13.5
TIC-2143,Querétaro,Americano,37.34,5,10.1
TIC-2144,Puebla,Capuchino,59.33,8,3.6
TIC-2145,Querétaro,Americano,39.86,7,3.0
TIC-2146,Puebla,Espresso,42.86,6,5.0
TIC-2147,Monterrey,Latte,57.76,7,5.0
TIC-2148,Querétaro,Frappé,63.04,2,6.2
TIC-2149,Monterrey,Capuchino,67.85,1,16.6
TIC-2150,Puebla,Espresso,34.83,9,12.4
TIC-2151,Querétaro,Latte,46.94,1,12.7
TIC-2152,Guadalajara,Té Matcha,64.54,7,9.4
TIC-2153,Mérida,Té Matcha,62.76,9,8.0
TIC-2154,Guadalajara,Capuchino,55.16,10,7.0
TIC-2155,Querétaro,Espresso,36.28,5,14.5
TIC-2156,Puebla,Capuchino,60.32,7,13.1
TIC-2157,Puebla,Espresso,34.61,5,5.8
TIC-2158,CDMX,Americano,39.82,8,11.3
TIC-2159,Mérida,Capuchino,63.41,6,4.6
TIC-2160,Monterrey,Té Matcha,62.22,8,7.0
TIC-2161,Querétaro,Espresso,33.02,9,15.0
TIC-2162,CDMX,Capuchino,65.22,4,8.7
TIC-2163,Querétaro,Latte,62.87,8,7.2
TIC-2164,Monterrey,Americano,39.91,8,10.3
TIC-2165,Mérida,Capuchino,52.61,6,3.4
TIC-2166,CDMX,Frappé,73.15,10,6.6
TIC-2167,CDMX,Capuchino,55.91,7,10.6
TIC-2168,Guadalajara,Frappé,68.93,7,14.5
TIC-2169,Querétaro,Espresso,33.43,1,5.3
TIC-2170,Guadalajara,Té Matcha,57.54,3,14.4
TIC-2171,Mérida,Espresso,36.4,8,10.1
TIC-2172,Guadalajara,Americano,40.39,7,10.3
TIC-2173,Mérida,Frappé,75.97,6,7.8
TIC-2174,Querétaro,Espresso,37.87,10,8.2
TIC-2175,Querétaro,Té Matcha,66.17,6,6.2
TIC-2176,Monterrey,Americano,33.1,5,12.9
TIC-2177,Mérida,Espresso,20.96,3,11.2
TIC-2178,Guadalajara,Espresso,38.3,10,15.4
TIC-2179,Monterrey,Latte,57.62,9,11.0
TIC-2180,Puebla,Latte,50.0,3,5.7
TIC-2181,Puebla,Americano,43.22,1,8.1
TIC-2182,Puebla,Latte,54.3,2,7.8
TIC-2183,Mérida,Capuchino,58.16,9,10.5
TIC-2184,Querétaro,Frappé,81.16,9,4.3
TIC-2185,Mérida,Americano,42.2,7,7.6
TIC-2186,Mérida,Americano,41.4,8,10.5
TIC-2187,Monterrey,Latte,55.18,6,10.5
TIC-2188,Querétaro,Té Matcha,61.34,3,7.1
TIC-2189,Puebla,Espresso,25.34,2,2.2
TIC-2190,Mérida,Americano,44.46,5,15.2
TIC-2191,Puebla,Latte,57.88,10,14.1
TIC-2192,CDMX,Té Matcha,58.8,6,11.2
TIC-2193,Guadalajara,Té Matcha,69.74,2,7.7
TIC-2194,CDMX,Americano,44.01,2,11.2
TIC-2195,Guadalajara,Capuchino,61.27,6,18.5
TIC-2196,Querétaro,Té Matcha,67.83,2,10.0
TIC-2197,Mérida,Capuchino,58.97,3,9.7
TIC-2198,Guadalajara,Latte,56.31,10,9.5
TIC-2199,CDMX,Capuchino,61.53,10,11.1
